<?xml version="1.0" encoding="UTF-8" standalone="yes"?>
<addon id="plugin.video.coqui" name="Coqui TV" version="1.0.1" provider-name="Master JEDI">
    <extension point="xbmc.addon.repository" name="main">
        <dir>
            <info compressed="false">https://raw.githubusercontent.com/escobaleso/repo/main/repo/zips/addons.xml</info>
            <checksum>https://raw.githubusercontent.com/escobaleso/repo/main/repo/zips/addons.xml.md5</checksum>
            <datadir zip="true">https://raw.githubusercontent.com/escobaleso/repo/main/repo/zips/</datadir>
        </dir>
    </extension>
    <extension point="xbmc.addon.metadata">
        <summary>COQUI TV </summary>
        <description>Best TV IP by Master JEDI</description>
        <disclaimer></disclaimer>
        <platform>all</platform>
        <assets>
            <icon>resources/images/icon.png</icon>
            <fanart>resources/images/fanart.jpg</fanart>
            <screenshot>resources/images/screenshot-1.jpg</screenshot>
            <screenshot>resources/images/screenshot-2.jpg</screenshot>
        </assets>
    </extension>
</addon>